FGtllVqz18RPiwJj/edr2gV78zirAiY/9SmYvia+kCg=,BBzumQNXUHKdEBOB7mAJuzok+IJA1c2Ryg/yzTF6tik=,explore,Explore,online-playlist,1
Xumu+NIjS6QYVxDS4/t3SawvJ7viT9hPKXmf0RtLNx8=,bhp/MpSNoqoxOIB+/l8WPqu6jldth4DIpCm3ayXnJqM=,my library,Local playlist more,local-playlist,1
Xumu+NIjS6QYVxDS4/t3SawvJ7viT9hPKXmf0RtLNx8=,JNWfrrC7zNN7BdMpsISKa4Mw+xVJYNnxXh3/Epw7QgY=,my library,Local playlist more,local-playlist,1
Xumu+NIjS6QYVxDS4/t3SawvJ7viT9hPKXmf0RtLNx8=,2A87tzfnJTSWqD7gIZHisolhe4DMdzkbd6LzO1KHjNs=,my library,Local playlist more,local-playlist,1
FGtllVqz18RPiwJj/edr2gV78zirAiY/9SmYvia+kCg=,3qm6XTZ6MOCU11x8FIVbAGH5l5uMkT3/ZalWG1oo2Gc=,explore,Explore,online-playlist,1
FGtllVqz18RPiwJj/edr2gV78zirAiY/9SmYvia+kCg=,3Hg5kugV1S0wzEVLAEfqjIV5UHzb7bCrdBRQlGygLvU=,explore,Explore,online-playlist,1
Xumu+NIjS6QYVxDS4/t3SawvJ7viT9hPKXmf0RtLNx8=,VkILU0H1h3NMmk9MQrXouNudGk5n8Ls5cqRRuBxeTh4=,my library,Local playlist more,local-playlist,1
FGtllVqz18RPiwJj/edr2gV78zirAiY/9SmYvia+kCg=,bPIvRTzfHxH5LgHrStll+tYwSQNVV8PySgA3M1PfTgc=,explore,Explore,online-playlist,1
uHqAtShXTRXju5GE8ri3ITsVFepPf8jUoCF7ffNOuqE=,/bU6IRSK+YNlNbaTkxo7bhsb2EDLPrnksdX3ggcZNhI=,my library,Local playlist more,local-library,1
uHqAtShXTRXju5GE8ri3ITsVFepPf8jUoCF7ffNOuqE=,EbI7xoNxI+3QSsiHxL13zBdgHIJOwa3srHd7cDcnJ0g=,my library,Local playlist more,local-library,1
uHqAtShXTRXju5GE8ri3ITsVFepPf8jUoCF7ffNOuqE=,t0aT90DlS1TGncgnKoL0SvfAWEr3Dl72QBVcokmKfLc=,my library,Local playlist more,local-library,1
uHqAtShXTRXju5GE8ri3ITsVFepPf8jUoCF7ffNOuqE=,8FGjC9W+7F8WjheGZPAwX9RH3+nWSO7DzjM6EB6naOI=,my library,Local playlist more,local-library,1
TJU0Gfvy7FB+r89bWovPKXTjuApTCiv3xg/tt5shR78=,u6/Pb7X4u7KU4gXrBgGqt8RlRrNNFLn03tLAHyxRxwA=,my library,,top-hits-for-artist,0
3g0bC24RD7QUeALY1IF/e8L6X3fHG298ZFIsCEG9T9Y=,TYhx9eqWklddkLQlApQ5MS9jJCO4H3JHdpISZ3kZSRE=,my library,Local playlist more,local-library,1
TJU0Gfvy7FB+r89bWovPKXTjuApTCiv3xg/tt5shR78=,IgMar/mVrJQ+ODFPytDf7jwQMmR09+slyZUdVylRFLc=,my library,Local playlist more,local-playlist,1
3g0bC24RD7QUeALY1IF/e8L6X3fHG298ZFIsCEG9T9Y=,6HofPS0v2MVFsL10yCN7dXUL+gUOnvsD35vx3HmRbdE=,my library,Local playlist more,local-library,1
TJU0Gfvy7FB+r89bWovPKXTjuApTCiv3xg/tt5shR78=,a4TbK5V15pj3YZUOGa9h2U3t0OsE+3aiFw41mNlcgcw=,my library,My library,local-playlist,1
TJU0Gfvy7FB+r89bWovPKXTjuApTCiv3xg/tt5shR78=,t95ClWf/B7Hi46sJeL70WJ75u7gLwaAp8o7LHuTtxl0=,my library,My library,local-playlist,1
TJU0Gfvy7FB+r89bWovPKXTjuApTCiv3xg/tt5shR78=,4ZISq5iNKgBGGW2OvKBBzBsYXRohcJYFkqx3uVFCAuA=,my library,,top-hits-for-artist,0
uQQHTQJ1nVEkBfbXe0f1/J9ML5eQhsQiocCV5TvvCRI=,9yi9yLGK5Soiz1IO3iosDsx5O3hutglBHl1JbVHLjLw=,my library,Local playlist more,local-library,1
uQQHTQJ1nVEkBfbXe0f1/J9ML5eQhsQiocCV5TvvCRI=,VqOqrfMxAOMwJpyfUSyWuPmHpMtSuzvrCvHgahApvDU=,my library,Local playlist more,local-library,1
uQQHTQJ1nVEkBfbXe0f1/J9ML5eQhsQiocCV5TvvCRI=,H0pfaBjENAn1eYhCA5+rurd8AnnJF17J512SKZBfvfU=,my library,Local playlist more,local-library,1
uQQHTQJ1nVEkBfbXe0f1/J9ML5eQhsQiocCV5TvvCRI=,lrgjGNzyCHrMPfLKNMV0NBh9hdNTpzoj5rOZ27tXMLo=,my library,Local playlist more,local-library,1
pouJqjNRmZOnRNzzMWWkamTKkIGHyvhl/jo4HgbncnM=,gAsKceTstGBoPKWib6Zp0h8m15fH/qFwlfWsr24KFRg=,my library,Online playlist more,online-playlist,1
pouJqjNRmZOnRNzzMWWkamTKkIGHyvhl/jo4HgbncnM=,n2mNwyApX16qOdG4ye2ehf5Cp5oevcahFh27Jyq/7JQ=,my library,Online playlist more,online-playlist,0
pouJqjNRmZOnRNzzMWWkamTKkIGHyvhl/jo4HgbncnM=,WHEVGSHBtJBVy+HjH84qRtj0KcNtYd+2pUO4xHMAJXk=,my library,Online playlist more,online-playlist,0
pouJqjNRmZOnRNzzMWWkamTKkIGHyvhl/jo4HgbncnM=,TLUDFNRpLCG/DmqLiXBc4Udypwucj4XmKtotIUO6nXM=,my library,Online playlist more,online-playlist,0
Vgeu+u3vXE0FhQtG/Vr3I/U3V0TX/jzQAEBhi3S3qi0=,AVwT7l/VL0pOXpH4PkP9Cqh0Y9PJ1B0BHctZO9+lnmk=,my library,Local playlist more,local-library,1
Vgeu+u3vXE0FhQtG/Vr3I/U3V0TX/jzQAEBhi3S3qi0=,j15oN8gA26II4cebHvxc+rIIjzyBDzjHi9rYx7oSvrQ=,my library,Local playlist more,local-library,1
ULaS7iTeNVqlI45nQEFyye+QRhPy1TvABDDu8AXool0=,CLEDgLdGvXhoXod/9uzm9UwECV5IzqWOrXHtHXpq5+E=,my library,Local playlist more,local-library,1
Vgeu+u3vXE0FhQtG/Vr3I/U3V0TX/jzQAEBhi3S3qi0=,TE5ASd0CqSedf7+LBnqf5Z8Kfm9X9wfj8t2IXZNuDOw=,my library,Local playlist more,local-library,1
Vgeu+u3vXE0FhQtG/Vr3I/U3V0TX/jzQAEBhi3S3qi0=,/2CWoqYh5/DUNi48voCXqA9V347liPy2WpEJj6CZro0=,my library,Local playlist more,local-library,1
ULaS7iTeNVqlI45nQEFyye+QRhPy1TvABDDu8AXool0=,2bj5oqCPPzY6E0TPgwySkfj8/l/c+DVQBqnABx0qPSk=,my library,Local playlist more,local-library,1
HtdItmpx36u5trW7la7gelIcwUiz/DvlhIgvdK1USUc=,56GgUdZtxpOVaQWIIPK2gFBiyJxYjbC8gPMPU1stoL8=,search,Album more,album,1
RPLdWVYe6joZEnv9TzljsdCWMtKopKpRXk1hKAnQQCQ=,K2jkXlozk/+HPjs1RyDlBUHJx2Ky+ITavwBXPcFqtHY=,my library,Local playlist more,local-library,0
RPLdWVYe6joZEnv9TzljsdCWMtKopKpRXk1hKAnQQCQ=,P6dllZw/ZnO7qcufxOKHAXGwlCvkmm4djJT/82d3ihA=,my library,Local playlist more,local-library,0
RPLdWVYe6joZEnv9TzljsdCWMtKopKpRXk1hKAnQQCQ=,1ysr+JKN0mCCeW0UqWIj2Vlxz3N5aQOEW5mkSW/OBPA=,my library,Local playlist more,local-library,0
RPLdWVYe6joZEnv9TzljsdCWMtKopKpRXk1hKAnQQCQ=,8YOEmwK8kgfdH+Qh5FgH8RzDYs2g957lo0RUsHX2t2g=,my library,Local playlist more,local-library,1
dEK1cVfdGaKd5ihXxCzf1HbZjR8+JdTYvfHFEnNz3cQ=,cL24vvYHrkz4YjAzU4OtrjGXUz1wBNWFqC/PQXMKIY0=,my library,Local playlist more,local-library,1
GdtjMBKkoLch5LCAHQdRiA0HJlngEEJzGNfkQjGmqQw=,MM+huiuccu4p5mNVhWxWgJreIsRWuEmvbvpCu0q79XM=,my library,Local playlist more,local-library,1
HkWEvfQyrb5Lve8X3B7HkCEkDFW8qFy/9kWFb4QbM5k=,Prbb1SisBE80rnDae36BPKvkulEiXMssQvBfVCsHr38=,my library,Local playlist more,local-library,1
HkWEvfQyrb5Lve8X3B7HkCEkDFW8qFy/9kWFb4QbM5k=,9Vkmwza4MO1p/usHFkghvpmatny5xAxyZ51bC49AaYU=,my library,Local playlist more,local-library,1
HkWEvfQyrb5Lve8X3B7HkCEkDFW8qFy/9kWFb4QbM5k=,vM08WBQRO9eZo1K+qTJmjuw2IqbuA3L65ojbGwB4GI0=,my library,Local playlist more,local-library,0
HkWEvfQyrb5Lve8X3B7HkCEkDFW8qFy/9kWFb4QbM5k=,lBYsvASSajQQPfE/o65Qy3FYsMHhbCmynFANAP29nks=,my library,Local playlist more,local-library,1
0LhkakIQDn36HZXI6ClQSO7W7jkpZAy+9MvYgPOZGrA=,DLBDZhOoW7zd7GBV99bi92ZXYUS26lzV+jJKbHshP5c=,my library,Local playlist more,local-playlist,1
0LhkakIQDn36HZXI6ClQSO7W7jkpZAy+9MvYgPOZGrA=,FknKo37OUvSxVgBrw72Bi8gGcWEZVF8MY3YyzmGx6ag=,my library,Local playlist more,local-playlist,1
0LhkakIQDn36HZXI6ClQSO7W7jkpZAy+9MvYgPOZGrA=,T86YHdD4C9JSc274b1IlMkLuNdz4BQRB50fWWE7hx9g=,my library,Local playlist more,local-playlist,1
0LhkakIQDn36HZXI6ClQSO7W7jkpZAy+9MvYgPOZGrA=,skehue/d/R59G71dXYpntDwdjRRPlweN3JE8g40TgZU=,my library,Local playlist more,local-playlist,1
0LhkakIQDn36HZXI6ClQSO7W7jkpZAy+9MvYgPOZGrA=,L6w2d0w84FjTvFr+BhMfgu7dZAsGiOqUGmvvxIG3gvQ=,my library,Local playlist more,local-playlist,1
0LhkakIQDn36HZXI6ClQSO7W7jkpZAy+9MvYgPOZGrA=,WL4ipO3Mx9pxd4FMs69ha6o9541+fLeOow67Qkrfnro=,my library,Local playlist more,local-playlist,1
0LhkakIQDn36HZXI6ClQSO7W7jkpZAy+9MvYgPOZGrA=,3DU6F6k6dFSdoQa2tsia5spMXFCxWh4JJdA3OxSo3rM=,my library,Local playlist more,local-playlist,1
0LhkakIQDn36HZXI6ClQSO7W7jkpZAy+9MvYgPOZGrA=,reXuGcEWDDCnL0K3Th//3DFG4S1ACSpJMzA+CFipo1g=,my library,Local playlist more,local-playlist,1
0LhkakIQDn36HZXI6ClQSO7W7jkpZAy+9MvYgPOZGrA=,+Sm75wnBf/sjm/QMUAFx8N+Ae04kWCXGlgH50tTeM6c=,my library,Local playlist more,local-playlist,1
0LhkakIQDn36HZXI6ClQSO7W7jkpZAy+9MvYgPOZGrA=,IXP1a2o3NL8WU4WK1X0WJAKaSW+LgGRpPDn4Gt1HrV8=,my library,Local playlist more,local-playlist,1
0LhkakIQDn36HZXI6ClQSO7W7jkpZAy+9MvYgPOZGrA=,PgRtmmESVNtWjoZHO5a1r21vIz9sVZmcJJpFCbRa1LI=,my library,Local playlist more,local-playlist,1
0LhkakIQDn36HZXI6ClQSO7W7jkpZAy+9MvYgPOZGrA=,u6/Pb7X4u7KU4gXrBgGqt8RlRrNNFLn03tLAHyxRxwA=,my library,Local playlist more,local-playlist,1
1GH1R7OI417+PPoqBtb9Jh1udsZC5XrOW2HqwjzCl2A=,iXbxmEpOCNBNj9ty45gPuwtYvUqQBOKNsXANX25joiY=,my library,Local playlist more,local-playlist,1
1GH1R7OI417+PPoqBtb9Jh1udsZC5XrOW2HqwjzCl2A=,U/pC2dgvSHe4/rEyrhe4YwIHyaHlbNRMtxAKuuWrmlY=,my library,Local playlist more,local-playlist,1
1GH1R7OI417+PPoqBtb9Jh1udsZC5XrOW2HqwjzCl2A=,lIVEEZgY5lPwvzf6iu3Zz7HHNRfLUpwv6JysYBwBjMM=,my library,Local playlist more,local-playlist,1
1GH1R7OI417+PPoqBtb9Jh1udsZC5XrOW2HqwjzCl2A=,IPeg6L8QvmfJTuOFNa4iPnk93WzyceWdxnVDCreoEpE=,my library,Local playlist more,local-playlist,1
B/wRgN7GRfDNGvsvjoA97MIFvlNkx52eMz8rGhK/P9M=,1R5HlX765HuV3uvLmJ0FqUQmlAmjdcqF0GbOqf9qUGs=,my library,Local playlist more,local-library,1
B/wRgN7GRfDNGvsvjoA97MIFvlNkx52eMz8rGhK/P9M=,hQtwwQhSamcIwNl/1JDR3B77oF2QxwB95paAKAqsIAo=,my library,Local playlist more,local-library,1
FE+vOBWbYW+sl9YMZR0jYIzZVonsr+G7NA+rDApwnvw=,LBFRdBacp7Ob6Ada2N7uCQ47DhiNT2KjUtwOA7oSm7I=,discover,Discover Feature,online-playlist,1
8Nlr1MyF+XUilQ4z9Cv6Re9qQIYwa5rCi90flRoyDv0=,aaosaazotfFOGS0pdK4RLNmLtezYXub2Gb6T6YGGObU=,discover,Unknown,online-playlist,0
eOz0KfyF/jZ2hI84e54q1j0kd+TrF7mPe+ppQiz/Ues=,vTFRLU6zCXTVzFRL24gzZO3MsD5nlc/kKtjEuj29+h0=,my library,Local playlist more,local-library,1
8Nlr1MyF+XUilQ4z9Cv6Re9qQIYwa5rCi90flRoyDv0=,+u3iqLNaEoGlLwRbnbU0kM3CjctokMh1MPRFLrrzuQQ=,discover,Unknown,online-playlist,0
zXLzFiB5jQaph3W2EyGi5DGsUloRPcoVTG4VI5ullew=,4weA5ndJkDSo7zM38+4t7NT+CJ/5omnZYVHf/IDe+Qk=,my library,Local playlist more,local-library,1
zXLzFiB5jQaph3W2EyGi5DGsUloRPcoVTG4VI5ullew=,/56EZoEb7TAm0G8GLJpA2Uzgg6QiJcYDwvI08I+w8JA=,my library,Local playlist more,local-library,1
zXLzFiB5jQaph3W2EyGi5DGsUloRPcoVTG4VI5ullew=,yvaF60S5mJQ1SOk2vfNeZ9WFeUr7lWMq37OPExyeoaU=,my library,Local playlist more,local-library,1
zXLzFiB5jQaph3W2EyGi5DGsUloRPcoVTG4VI5ullew=,SJHL9vlSHU06VO8w32meVip35heQuc2gsLGWswru/xs=,my library,Local playlist more,local-library,1
eOz0KfyF/jZ2hI84e54q1j0kd+TrF7mPe+ppQiz/Ues=,20e8yHxKn8p+G2zFcxC/3UDM5rYFCIoozlTCUB0YumU=,my library,Local playlist more,local-library,1
mxAnVRJaxt6zsH6/lpKp6tUjs7dAh9a6RMTPrNuqm44=,Xy3cGOjm2V1MF7SZGA36NEC7b46NVBXvLnBDWXOl2FE=,my library,Local playlist more,local-library,1
mxAnVRJaxt6zsH6/lpKp6tUjs7dAh9a6RMTPrNuqm44=,GFWjz4apE8zMiXe6wc0qCjr+DbK9BFkwo/rr+FsNm+g=,my library,Local playlist more,local-library,0
mxAnVRJaxt6zsH6/lpKp6tUjs7dAh9a6RMTPrNuqm44=,n8xoFetUt29W6E4Gxnz8SGKewVBDSTtLdZ913mb4Hzg=,my library,Local playlist more,local-library,1
mxAnVRJaxt6zsH6/lpKp6tUjs7dAh9a6RMTPrNuqm44=,7HDcHFAVdw76mL4Z5hbz300+s1oSUstaOfmaLw0+Dfo=,my library,Local playlist more,local-library,1
zcCi+lR4SecPMBbZEwj4UUBrWhgBUbxx+t4O5KA28K8=,3RnXpHSbz61HoSCJEB7B9Sn3bqKPUvgYVwM8ceOEd1M=,discover,,top-hits-for-artist,1
CL91UAbjYfhlEg1Yjh10QStr0liu9B/yImCGHlpiEMI=,2fhzNUTd3X1n8IKBAd0xM2HwOuDIc0Qb6ZcVQ3OmqX4=,my library,My library,local-playlist,1
yABGsFFqTctk/xnMj67nHmnisCwdue7XYxkYGOe9BGE=,RAVcXkNI6tqrsArzBxA9JcNnv/ftDwqDwBDaGqIzXyA=,my library,Local playlist more,local-library,1
yABGsFFqTctk/xnMj67nHmnisCwdue7XYxkYGOe9BGE=,ziioVtzot6FMViJgAMZliplvo7EmX3ecPuoZHXTr2Zo=,my library,Local playlist more,local-library,1
Gz/bwq6vWwkm5QQOCd3ftP4F4mMthEFGf3ztaXgm6e0=,JZ+4w2HWMQiyCErXdD8YMi7okU40lobADjHq9/TDFvg=,my library,Local playlist more,local-library,1
Gz/bwq6vWwkm5QQOCd3ftP4F4mMthEFGf3ztaXgm6e0=,CUPwUKwyAEXwoQw8ik8EyfskXSvEUpu3Pb3mS2yFXoI=,my library,Local playlist more,local-library,1
yABGsFFqTctk/xnMj67nHmnisCwdue7XYxkYGOe9BGE=,pRjhEkL8Da3+YpKh9SYcmYLKG1lYFy4ixcYy0h1Pc30=,my library,Local playlist more,local-library,1
Gz/bwq6vWwkm5QQOCd3ftP4F4mMthEFGf3ztaXgm6e0=,boxeSDj5nrUIRE0JoCMKUBxk/c4dsKf49yacI6WPHoc=,my library,Local playlist more,local-library,1
Gz/bwq6vWwkm5QQOCd3ftP4F4mMthEFGf3ztaXgm6e0=,6i95Pie609AyCL86KYyXQkECKYudj7BnhRS5KRhJC6o=,my library,Local playlist more,local-library,1
yABGsFFqTctk/xnMj67nHmnisCwdue7XYxkYGOe9BGE=,lsvDNSX7YzpRBphxelN46v3wV2zXsJflqDOSVKrCOOM=,my library,Local playlist more,local-library,1
doK1LuOCXLXKXT395FCHJHTx2q09akseWw8YdmDZugg=,34IXh04bdV42ClAF+3lHsAjNQEA9yljeyamS6+Wv1BQ=,my library,Local playlist more,local-playlist,1
rAI+tZ85/S4CEHBEhUkHDLO1afqVLArCu0nsBmORwfQ=,U03If8ekFQ69MIodnGZOgaFV9vbFpwDQZQYCf5To5fo=,,,,0
doK1LuOCXLXKXT395FCHJHTx2q09akseWw8YdmDZugg=,NDtSbLpLMkWyBAhfRimU73D/pKVWE6Z3Q2IEdmFuWNk=,my library,Local playlist more,local-playlist,1
rAI+tZ85/S4CEHBEhUkHDLO1afqVLArCu0nsBmORwfQ=,yv4Nasbw8r06KtMHzaEMF/SrpYPv+V73JrwFClUoRQ0=,,,,0
rAI+tZ85/S4CEHBEhUkHDLO1afqVLArCu0nsBmORwfQ=,0cHV60MVnGOKMb/GRHWEExfpahkCwIZQ0wxdYBJfoqE=,,,,0
rAI+tZ85/S4CEHBEhUkHDLO1afqVLArCu0nsBmORwfQ=,ux6db2W4f9nhapYVkSg81Uzhxnw0vf44cFWHSd2EuJo=,discover,Online playlist more,online-playlist,1
rAI+tZ85/S4CEHBEhUkHDLO1afqVLArCu0nsBmORwfQ=,IKMFuL0f5Y8c63Hg9BXkeNJjE0z8yf3gMt/tOxF4QNE=,discover,Online playlist more,online-playlist,1
rAI+tZ85/S4CEHBEhUkHDLO1afqVLArCu0nsBmORwfQ=,fCCmIa0Y5m+MCGbQga31MOLTIqi7ddgXvkjFPmfslGw=,discover,Online playlist more,online-playlist,0
doK1LuOCXLXKXT395FCHJHTx2q09akseWw8YdmDZugg=,HbqkjwnnIt6BtfmvVyXTdPHAsFCYxU74sv8+s1lfIwE=,my library,Local playlist more,local-playlist,1
doK1LuOCXLXKXT395FCHJHTx2q09akseWw8YdmDZugg=,wVUeoaIQXKvfVyfhDmbASVl049NL7hVvfOo7vYoSyMQ=,my library,Local playlist more,local-playlist,1
Eaq21N7ijazDjnqU5v1jjWewJopGxgZxkKr4GIq7JTs=,BwDDym6Tp7EnGudWBGJyjONZeX0/4ndu5PETiPWzav8=,my library,,local-library,1
pNPe9+kUnGJem0nHfYPdQ/Jx5yNlGLTJLshSohjkSdA=,b+OlR6qF0gzG++m+sYrOnf7bJF6WmXv51xGLBpmugxg=,my library,Local playlist more,local-library,1
pNPe9+kUnGJem0nHfYPdQ/Jx5yNlGLTJLshSohjkSdA=,9tNXaK/yKJfTcoWLRFw6HXplizDxq4bFvzs3scmesCU=,my library,Local playlist more,local-library,1
pNPe9+kUnGJem0nHfYPdQ/Jx5yNlGLTJLshSohjkSdA=,dKsoBHe5cVhyQSU8CimXs4ysaAky4RNgBwIafHaLkik=,my library,Local playlist more,local-library,1
